<?xml version="1.0" encoding="UTF-8"?>
<project-private xmlns="http://www.netbeans.org/ns/project-private/1">
    <editor-bookmarks xmlns="http://www.netbeans.org/ns/editor-bookmarks/2" lastBookmarkId="0"/>
    <open-files xmlns="http://www.netbeans.org/ns/projectui-open-files/2">
        <group>
            <file>file:/C:/wamp/www/graampanchyat/panchyat-business.php</file>
            <file>file:/C:/wamp/www/graampanchyat/rightarea.php</file>
            <file>file:/C:/wamp/www/graampanchyat/newcss.css</file>
            <file>file:/C:/wamp/www/graampanchyat/index.php</file>
            <file>file:/C:/wamp/www/graampanchyat/contact-us.php</file>
            <file>file:/C:/wamp/www/graampanchyat/tourist-place.php</file>
            <file>file:/C:/wamp/www/graampanchyat/header.php</file>
            <file>file:/C:/wamp/www/graampanchyat/style.css</file>
        </group>
    </open-files>
</project-private>
